date,composite,sigma_units,n_panels,panels,L_step
1993-11-01,1.012487,1.180477,2,"philly|richmond",+1.0
1993-12-01,1.413450,1.647968,2,"philly|richmond",+1.0
1994-01-01,1.547242,1.803958,2,"philly|richmond",+1.0
1994-02-01,0.818808,0.954664,2,"philly|richmond",+1.0
1994-03-01,1.651786,1.925848,2,"philly|richmond",+1.0
1994-04-01,1.360773,1.586550,2,"philly|richmond",+1.0
1994-05-01,1.456537,1.698204,2,"philly|richmond",+1.0
1994-06-01,1.654811,1.929375,2,"philly|richmond",+1.0
1994-07-01,1.318561,1.537335,2,"philly|richmond",+1.0
1994-08-01,1.182387,1.378568,2,"philly|richmond",+1.0
1994-09-01,1.332400,1.553470,2,"philly|richmond",+1.0
1994-10-01,1.609690,1.876768,2,"philly|richmond",+1.0
1994-11-01,1.010452,1.178105,2,"philly|richmond",+1.0
1994-12-01,1.013709,1.181903,2,"philly|richmond",+1.0
1995-01-01,0.759153,0.885111,2,"philly|richmond",+1.0
1995-02-01,0.712230,0.830403,2,"philly|richmond",+1.0
1995-03-01,0.170382,0.198651,2,"philly|richmond",+1.0
1995-04-01,-0.906686,-1.057122,2,"philly|richmond",-1.0
1995-05-01,-0.760742,-0.886963,2,"philly|richmond",-1.0
1995-06-01,-1.550169,-1.807371,2,"philly|richmond",-1.0
1995-07-01,-1.285147,-1.498377,2,"philly|richmond",-1.0
1995-08-01,-0.854472,-0.996245,2,"philly|richmond",-1.0
1995-09-01,0.624487,0.728101,2,"philly|richmond",+1.0
1995-10-01,0.118747,0.138450,2,"philly|richmond",+1.0
1995-11-01,-0.043765,-0.051026,2,"philly|richmond",+1.0
1995-12-01,0.012285,0.014324,2,"philly|richmond",+1.0
1996-01-01,-1.203222,-1.402859,2,"philly|richmond",-1.0
1996-02-01,-0.277505,-0.323548,2,"philly|richmond",-1.0
1996-03-01,-1.179792,-1.375541,2,"philly|richmond",-1.0
1996-04-01,0.374642,0.436802,2,"philly|richmond",+1.0
1996-05-01,0.928875,1.082992,2,"philly|richmond",+1.0
1996-06-01,0.827820,0.965170,2,"philly|richmond",+1.0
1996-07-01,0.951725,1.109634,2,"philly|richmond",+1.0
1996-08-01,0.696821,0.812437,2,"philly|richmond",+1.0
1996-09-01,0.305101,0.355723,2,"philly|richmond",+1.0
1996-10-01,0.318708,0.371587,2,"philly|richmond",+1.0
1996-11-01,0.463197,0.540050,2,"philly|richmond",+1.0
1996-12-01,0.630421,0.735019,2,"philly|richmond",+1.0
1997-01-01,0.825901,0.962934,2,"philly|richmond",+1.0
1997-02-01,0.458370,0.534422,2,"philly|richmond",+1.0
1997-03-01,0.982427,1.145430,2,"philly|richmond",+1.0
1997-04-01,0.778283,0.907415,2,"philly|richmond",+1.0
1997-05-01,0.334001,0.389418,2,"philly|richmond",+1.0
1997-06-01,1.034757,1.206443,2,"philly|richmond",+1.0
1997-07-01,1.016091,1.184680,2,"philly|richmond",+1.0
1997-08-01,0.653387,0.761796,2,"philly|richmond",+1.0
1997-09-01,1.836105,2.140749,2,"philly|richmond",+1.0
1997-10-01,1.208958,1.409547,2,"philly|richmond",+1.0
1997-11-01,0.710776,0.828707,2,"philly|richmond",+1.0
1997-12-01,0.015890,0.018527,2,"philly|richmond",+1.0
1998-01-01,1.151337,1.342366,2,"philly|richmond",+1.0
1998-02-01,0.850438,0.991542,2,"philly|richmond",+1.0
1998-03-01,0.439008,0.511848,2,"philly|richmond",+1.0
1998-04-01,0.435288,0.507510,2,"philly|richmond",+1.0
1998-05-01,0.574950,0.670345,2,"philly|richmond",+1.0
1998-06-01,0.860672,1.003474,2,"philly|richmond",+1.0
1998-07-01,0.783574,0.913583,2,"philly|richmond",+1.0
1998-08-01,0.717521,0.836571,2,"philly|richmond",+1.0
1998-09-01,-0.261980,-0.305447,2,"philly|richmond",-1.0
1998-10-01,0.297544,0.346912,2,"philly|richmond",+1.0
1998-11-01,-0.391292,-0.456215,2,"philly|richmond",-1.0
1998-12-01,0.449011,0.523510,2,"philly|richmond",+1.0
1999-01-01,0.082175,0.095809,2,"philly|richmond",+1.0
1999-02-01,0.550645,0.642008,2,"philly|richmond",+1.0
1999-03-01,1.102844,1.285826,2,"philly|richmond",+1.0
1999-04-01,0.757931,0.883685,2,"philly|richmond",+1.0
1999-05-01,0.946086,1.103060,2,"philly|richmond",+1.0
1999-06-01,0.712462,0.830673,2,"philly|richmond",+1.0
1999-07-01,0.492793,0.574556,2,"philly|richmond",+1.0
1999-08-01,0.683098,0.796437,2,"philly|richmond",+1.0
1999-09-01,0.713917,0.832369,2,"philly|richmond",+1.0
1999-10-01,1.202560,1.402088,2,"philly|richmond",+1.0
1999-11-01,1.214249,1.415716,2,"philly|richmond",+1.0
1999-12-01,0.796074,0.928158,2,"philly|richmond",+1.0
2000-01-01,0.307778,0.358844,2,"philly|richmond",+1.0
2000-02-01,1.070982,1.248678,2,"philly|richmond",+1.0
2000-03-01,0.594196,0.692784,2,"philly|richmond",+1.0
2000-04-01,0.658562,0.767830,2,"philly|richmond",+1.0
2000-05-01,1.337691,1.559639,2,"philly|richmond",+1.0
2000-06-01,0.750374,0.874875,2,"philly|richmond",+1.0
2000-07-01,0.243528,0.283933,2,"philly|richmond",+1.0
2000-08-01,0.557507,0.650008,2,"philly|richmond",+1.0
2000-09-01,0.832531,0.970663,2,"philly|richmond",+1.0
2000-10-01,0.267716,0.312135,2,"philly|richmond",+1.0
2000-11-01,-0.355826,-0.414864,2,"philly|richmond",-1.0
2000-12-01,-0.162495,-0.189456,2,"philly|richmond",+1.0
2001-01-01,-1.855369,-2.163209,2,"philly|richmond",-1.0
2001-02-01,-1.372363,-1.600064,2,"philly|richmond",-1.0
2001-03-01,-1.294917,-1.509769,2,"philly|richmond",-1.0
2001-04-01,-0.978029,-1.140303,2,"philly|richmond",-1.0
2001-05-01,-0.979716,-1.142269,2,"philly|richmond",-1.0
2001-06-01,-1.399577,-1.631793,2,"philly|richmond",-1.0
2001-07-01,-0.745336,-0.869001,4,"empire|kansas_city|philly|richmond",-1.0
2001-08-01,-0.518414,-0.604428,4,"empire|kansas_city|philly|richmond",-1.0
2001-09-01,-0.209196,-0.243906,4,"empire|kansas_city|philly|richmond",-1.0
2001-10-01,-1.327677,-1.547963,4,"empire|kansas_city|philly|richmond",-1.0
2001-11-01,-1.608079,-1.874889,4,"empire|kansas_city|philly|richmond",-1.0
2001-12-01,-0.748529,-0.872724,4,"empire|kansas_city|philly|richmond",-1.0
2002-01-01,0.246752,0.287693,4,"empire|kansas_city|philly|richmond",+1.0
2002-02-01,0.300203,0.350012,4,"empire|kansas_city|philly|richmond",+1.0
2002-03-01,0.858871,1.001374,4,"empire|kansas_city|philly|richmond",+1.0
2002-04-01,0.853014,0.994545,4,"empire|kansas_city|philly|richmond",+1.0
2002-05-01,0.620649,0.723626,4,"empire|kansas_city|philly|richmond",+1.0
2002-06-01,0.514184,0.599497,4,"empire|kansas_city|philly|richmond",+1.0
2002-07-01,-0.068079,-0.079374,4,"empire|kansas_city|philly|richmond",+1.0
2002-08-01,0.071035,0.082821,4,"empire|kansas_city|philly|richmond",+1.0
2002-09-01,-0.161335,-0.188103,4,"empire|kansas_city|philly|richmond",+1.0
2002-10-01,-0.140499,-0.163810,4,"empire|kansas_city|philly|richmond",+1.0
2002-11-01,0.391709,0.456701,4,"empire|kansas_city|philly|richmond",+1.0
2002-12-01,0.089690,0.104571,4,"empire|kansas_city|philly|richmond",+1.0
2003-01-01,0.434294,0.506351,4,"empire|kansas_city|philly|richmond",+1.0
2003-02-01,0.001158,0.001350,4,"empire|kansas_city|philly|richmond",+1.0
2003-03-01,-0.332467,-0.387630,4,"empire|kansas_city|philly|richmond",-1.0
2003-04-01,-0.592917,-0.691293,4,"empire|kansas_city|philly|richmond",-1.0
2003-05-01,-0.239654,-0.279417,4,"empire|kansas_city|philly|richmond",-1.0
2003-06-01,0.389280,0.453868,4,"empire|kansas_city|philly|richmond",+1.0
2003-07-01,0.507525,0.591733,4,"empire|kansas_city|philly|richmond",+1.0
2003-08-01,0.705868,0.822985,4,"empire|kansas_city|philly|richmond",+1.0
2003-09-01,0.826180,0.963259,4,"empire|kansas_city|philly|richmond",+1.0
2003-10-01,1.430586,1.667947,4,"empire|kansas_city|philly|richmond",+1.0
2003-11-01,1.420658,1.656371,4,"empire|kansas_city|philly|richmond",+1.0
2003-12-01,1.978404,2.306659,4,"empire|kansas_city|philly|richmond",+1.0
2004-01-01,1.393273,1.624443,4,"empire|kansas_city|philly|richmond",+1.0
2004-02-01,1.286310,1.499733,4,"empire|kansas_city|philly|richmond",+1.0
2004-03-01,1.745841,2.035509,4,"empire|kansas_city|philly|richmond",+1.0
2004-04-01,1.712399,1.996518,4,"empire|kansas_city|philly|richmond",+1.0
2004-05-01,1.631478,1.902171,4,"empire|kansas_city|philly|richmond",+1.0
2004-06-01,1.282071,1.494790,5,"dallas|empire|kansas_city|philly|richmond",+1.0
2004-07-01,1.277166,1.489072,5,"dallas|empire|kansas_city|philly|richmond",+1.0
2004-08-01,0.953794,1.112047,5,"dallas|empire|kansas_city|philly|richmond",+1.0
2004-09-01,1.088467,1.269064,5,"dallas|empire|kansas_city|philly|richmond",+1.0
2004-10-01,0.955274,1.113772,5,"dallas|empire|kansas_city|philly|richmond",+1.0
2004-11-01,0.924599,1.078007,5,"dallas|empire|kansas_city|philly|richmond",+1.0
2004-12-01,1.182893,1.379157,5,"dallas|empire|kansas_city|philly|richmond",+1.0
2005-01-01,0.757973,0.883735,5,"dallas|empire|kansas_city|philly|richmond",+1.0
2005-02-01,0.779259,0.908552,5,"dallas|empire|kansas_city|philly|richmond",+1.0
2005-03-01,0.808062,0.942134,5,"dallas|empire|kansas_city|philly|richmond",+1.0
2005-04-01,0.479310,0.558837,5,"dallas|empire|kansas_city|philly|richmond",+1.0
2005-05-01,0.499050,0.581852,5,"dallas|empire|kansas_city|philly|richmond",+1.0
2005-06-01,0.446995,0.521159,5,"dallas|empire|kansas_city|philly|richmond",+1.0
2005-07-01,0.370604,0.432094,5,"dallas|empire|kansas_city|philly|richmond",+1.0
2005-08-01,0.900228,1.049592,5,"dallas|empire|kansas_city|philly|richmond",+1.0
2005-09-01,0.779995,0.909410,5,"dallas|empire|kansas_city|philly|richmond",+1.0
2005-10-01,1.120132,1.305983,5,"dallas|empire|kansas_city|philly|richmond",+1.0
2005-11-01,0.978386,1.140719,5,"dallas|empire|kansas_city|philly|richmond",+1.0
2005-12-01,0.816392,0.951846,5,"dallas|empire|kansas_city|philly|richmond",+1.0
2006-01-01,1.107482,1.291235,5,"dallas|empire|kansas_city|philly|richmond",+1.0
2006-02-01,1.045828,1.219350,5,"dallas|empire|kansas_city|philly|richmond",+1.0
2006-03-01,1.441084,1.680187,5,"dallas|empire|kansas_city|philly|richmond",+1.0
2006-04-01,0.741118,0.864084,5,"dallas|empire|kansas_city|philly|richmond",+1.0
2006-05-01,0.755896,0.881313,5,"dallas|empire|kansas_city|philly|richmond",+1.0
2006-06-01,1.030746,1.201766,5,"dallas|empire|kansas_city|philly|richmond",+1.0
2006-07-01,0.205715,0.239847,5,"dallas|empire|kansas_city|philly|richmond",+1.0
2006-08-01,0.698854,0.814807,5,"dallas|empire|kansas_city|philly|richmond",+1.0
2006-09-01,0.235955,0.275104,5,"dallas|empire|kansas_city|philly|richmond",+1.0
2006-10-01,0.349528,0.407522,5,"dallas|empire|kansas_city|philly|richmond",+1.0
2006-11-01,0.126937,0.147998,5,"dallas|empire|kansas_city|philly|richmond",+1.0
2006-12-01,0.269913,0.314697,5,"dallas|empire|kansas_city|philly|richmond",+1.0
2007-01-01,0.222862,0.259839,5,"dallas|empire|kansas_city|philly|richmond",+1.0
2007-02-01,0.650831,0.758816,5,"dallas|empire|kansas_city|philly|richmond",+1.0
2007-03-01,0.054588,0.063646,5,"dallas|empire|kansas_city|philly|richmond",+1.0
2007-04-01,0.120195,0.140137,5,"dallas|empire|kansas_city|philly|richmond",+1.0
2007-05-01,0.219786,0.256253,5,"dallas|empire|kansas_city|philly|richmond",+1.0
2007-06-01,0.338354,0.394494,5,"dallas|empire|kansas_city|philly|richmond",+1.0
2007-07-01,0.136278,0.158889,5,"dallas|empire|kansas_city|philly|richmond",+1.0
2007-08-01,0.701297,0.817656,5,"dallas|empire|kansas_city|philly|richmond",+1.0
2007-09-01,0.375999,0.438384,5,"dallas|empire|kansas_city|philly|richmond",+1.0
2007-10-01,0.416510,0.485616,5,"dallas|empire|kansas_city|philly|richmond",+1.0
2007-11-01,0.372934,0.434810,5,"dallas|empire|kansas_city|philly|richmond",+1.0
2007-12-01,0.146988,0.171376,5,"dallas|empire|kansas_city|philly|richmond",+1.0
2008-01-01,-0.297498,-0.346858,5,"dallas|empire|kansas_city|philly|richmond",-1.0
2008-02-01,-0.704987,-0.821957,5,"dallas|empire|kansas_city|philly|richmond",-1.0
2008-03-01,-0.685158,-0.798839,5,"dallas|empire|kansas_city|philly|richmond",-1.0
2008-04-01,-0.739317,-0.861983,5,"dallas|empire|kansas_city|philly|richmond",-1.0
2008-05-01,-0.499390,-0.582248,5,"dallas|empire|kansas_city|philly|richmond",-1.0
2008-06-01,-0.870603,-1.015052,5,"dallas|empire|kansas_city|philly|richmond",-1.0
2008-07-01,-0.459627,-0.535888,5,"dallas|empire|kansas_city|philly|richmond",-1.0
2008-08-01,-0.727764,-0.848514,5,"dallas|empire|kansas_city|philly|richmond",-1.0
2008-09-01,-1.177995,-1.373446,5,"dallas|empire|kansas_city|philly|richmond",-1.0
2008-10-01,-2.101861,-2.450599,5,"dallas|empire|kansas_city|philly|richmond",-1.0
2008-11-01,-2.808765,-3.274792,5,"dallas|empire|kansas_city|philly|richmond",-1.0
2008-12-01,-2.519534,-2.937571,5,"dallas|empire|kansas_city|philly|richmond",-1.0
2009-01-01,-2.524888,-2.943814,5,"dallas|empire|kansas_city|philly|richmond",-1.0
2009-02-01,-2.819788,-3.287644,5,"dallas|empire|kansas_city|philly|richmond",-1.0
2009-03-01,-2.865563,-3.341013,5,"dallas|empire|kansas_city|philly|richmond",-1.0
2009-04-01,-1.722155,-2.007893,5,"dallas|empire|kansas_city|philly|richmond",-1.0
2009-05-01,-1.191337,-1.389002,5,"dallas|empire|kansas_city|philly|richmond",-1.0
2009-06-01,-0.570326,-0.664954,5,"dallas|empire|kansas_city|philly|richmond",-1.0
2009-07-01,-0.124649,-0.145331,5,"dallas|empire|kansas_city|philly|richmond",+1.0
2009-08-01,0.218331,0.254556,5,"dallas|empire|kansas_city|philly|richmond",+1.0
2009-09-01,0.170732,0.199059,5,"dallas|empire|kansas_city|philly|richmond",+1.0
2009-10-01,0.368527,0.429672,5,"dallas|empire|kansas_city|philly|richmond",+1.0
2009-11-01,0.630738,0.735389,5,"dallas|empire|kansas_city|philly|richmond",+1.0
2009-12-01,0.158313,0.184580,5,"dallas|empire|kansas_city|philly|richmond",+1.0
2010-01-01,0.537893,0.627140,5,"dallas|empire|kansas_city|philly|richmond",+1.0
2010-02-01,0.477445,0.556663,5,"dallas|empire|kansas_city|philly|richmond",+1.0
2010-03-01,0.656654,0.765605,5,"dallas|empire|kansas_city|philly|richmond",+1.0
2010-04-01,1.261144,1.470392,5,"dallas|empire|kansas_city|philly|richmond",+1.0
2010-05-01,0.494838,0.576941,5,"dallas|empire|kansas_city|philly|richmond",+1.0
2010-06-01,0.395719,0.461376,5,"dallas|empire|kansas_city|philly|richmond",+1.0
2010-07-01,0.014398,0.016786,5,"dallas|empire|kansas_city|philly|richmond",+1.0
2010-08-01,-0.358988,-0.418551,5,"dallas|empire|kansas_city|philly|richmond",-1.0
2010-09-01,0.157976,0.184187,5,"dallas|empire|kansas_city|philly|richmond",+1.0
2010-10-01,0.292380,0.340891,5,"dallas|empire|kansas_city|philly|richmond",+1.0
2010-11-01,0.344292,0.401417,5,"dallas|empire|kansas_city|philly|richmond",+1.0
2010-12-01,0.841483,0.981101,5,"dallas|empire|kansas_city|philly|richmond",+1.0
2011-01-01,0.447120,0.521306,5,"dallas|empire|kansas_city|philly|richmond",+1.0
2011-02-01,0.896522,1.045272,5,"dallas|empire|kansas_city|philly|richmond",+1.0
2011-03-01,1.063781,1.240282,5,"dallas|empire|kansas_city|philly|richmond",+1.0
2011-04-01,0.477381,0.556587,5,"dallas|empire|kansas_city|philly|richmond",+1.0
2011-05-01,-0.300251,-0.350068,5,"dallas|empire|kansas_city|philly|richmond",-1.0
2011-06-01,0.082471,0.096155,5,"dallas|empire|kansas_city|philly|richmond",+1.0
2011-07-01,-0.143844,-0.167711,5,"dallas|empire|kansas_city|philly|richmond",+1.0
2011-08-01,-0.619368,-0.722133,5,"dallas|empire|kansas_city|philly|richmond",-1.0
2011-09-01,-0.448387,-0.522782,5,"dallas|empire|kansas_city|philly|richmond",-1.0
2011-10-01,-0.042627,-0.049699,5,"dallas|empire|kansas_city|philly|richmond",+1.0
2011-11-01,-0.339983,-0.396392,5,"dallas|empire|kansas_city|philly|richmond",-1.0
2011-12-01,-0.098555,-0.114907,5,"dallas|empire|kansas_city|philly|richmond",+1.0
2012-01-01,0.452302,0.527347,5,"dallas|empire|kansas_city|philly|richmond",+1.0
2012-02-01,0.471261,0.549452,5,"dallas|empire|kansas_city|philly|richmond",+1.0
2012-03-01,0.106501,0.124171,5,"dallas|empire|kansas_city|philly|richmond",+1.0
2012-04-01,-0.127215,-0.148322,5,"dallas|empire|kansas_city|philly|richmond",+1.0
2012-05-01,0.090022,0.104958,5,"dallas|empire|kansas_city|philly|richmond",+1.0
2012-06-01,-0.462474,-0.539207,5,"dallas|empire|kansas_city|philly|richmond",-1.0
2012-07-01,-0.604290,-0.704553,5,"dallas|empire|kansas_city|philly|richmond",-1.0
2012-08-01,-0.523009,-0.609786,5,"dallas|empire|kansas_city|philly|richmond",-1.0
2012-09-01,-0.365834,-0.426532,5,"dallas|empire|kansas_city|philly|richmond",-1.0
2012-10-01,-0.762546,-0.889067,5,"dallas|empire|kansas_city|philly|richmond",-1.0
2012-11-01,-0.358157,-0.417582,5,"dallas|empire|kansas_city|philly|richmond",-1.0
2012-12-01,-0.213272,-0.248657,5,"dallas|empire|kansas_city|philly|richmond",-1.0
2013-01-01,-0.729294,-0.850297,5,"dallas|empire|kansas_city|philly|richmond",-1.0
2013-02-01,-0.407822,-0.475488,5,"dallas|empire|kansas_city|philly|richmond",-1.0
2013-03-01,-0.254639,-0.296888,5,"dallas|empire|kansas_city|philly|richmond",-1.0
2013-04-01,-0.489140,-0.570298,5,"dallas|empire|kansas_city|philly|richmond",-1.0
2013-05-01,-0.341650,-0.398336,5,"dallas|empire|kansas_city|philly|richmond",-1.0
2013-06-01,0.061736,0.071979,5,"dallas|empire|kansas_city|philly|richmond",+1.0
2013-07-01,0.035353,0.041218,5,"dallas|empire|kansas_city|philly|richmond",+1.0
2013-08-01,0.279806,0.326232,5,"dallas|empire|kansas_city|philly|richmond",+1.0
2013-09-01,0.315272,0.367581,5,"dallas|empire|kansas_city|philly|richmond",+1.0
2013-10-01,0.357994,0.417391,5,"dallas|empire|kansas_city|philly|richmond",+1.0
2013-11-01,0.271974,0.317099,5,"dallas|empire|kansas_city|philly|richmond",+1.0
2013-12-01,0.202294,0.235858,5,"dallas|empire|kansas_city|philly|richmond",+1.0
2014-01-01,0.379555,0.442530,5,"dallas|empire|kansas_city|philly|richmond",+1.0
2014-02-01,0.059103,0.068909,5,"dallas|empire|kansas_city|philly|richmond",+1.0
2014-03-01,0.178280,0.207860,5,"dallas|empire|kansas_city|philly|richmond",+1.0
2014-04-01,0.509072,0.593536,5,"dallas|empire|kansas_city|philly|richmond",+1.0
2014-05-01,0.486054,0.566700,5,"dallas|empire|kansas_city|philly|richmond",+1.0
2014-06-01,0.502402,0.585760,5,"dallas|empire|kansas_city|philly|richmond",+1.0
2014-07-01,0.935364,1.090558,5,"dallas|empire|kansas_city|philly|richmond",+1.0
2014-08-01,0.403592,0.470555,5,"dallas|empire|kansas_city|philly|richmond",+1.0
2014-09-01,0.518321,0.604320,5,"dallas|empire|kansas_city|philly|richmond",+1.0
2014-10-01,0.548878,0.639947,5,"dallas|empire|kansas_city|philly|richmond",+1.0
2014-11-01,0.362665,0.422838,5,"dallas|empire|kansas_city|philly|richmond",+1.0
2014-12-01,0.263132,0.306791,5,"dallas|empire|kansas_city|philly|richmond",+1.0
2015-01-01,-0.325114,-0.379056,5,"dallas|empire|kansas_city|philly|richmond",-1.0
2015-02-01,-0.451281,-0.526157,5,"dallas|empire|kansas_city|philly|richmond",-1.0
2015-03-01,-0.896554,-1.045309,5,"dallas|empire|kansas_city|philly|richmond",-1.0
2015-04-01,-0.824819,-0.961672,5,"dallas|empire|kansas_city|philly|richmond",-1.0
2015-05-01,-0.477055,-0.556207,5,"dallas|empire|kansas_city|philly|richmond",-1.0
2015-06-01,-0.191680,-0.223483,5,"dallas|empire|kansas_city|philly|richmond",+1.0
2015-07-01,-0.139313,-0.162428,5,"dallas|empire|kansas_city|philly|richmond",+1.0
2015-08-01,-0.552206,-0.643828,5,"dallas|empire|kansas_city|philly|richmond",-1.0
2015-09-01,-0.522202,-0.608845,5,"dallas|empire|kansas_city|philly|richmond",-1.0
2015-10-01,-0.586114,-0.683362,5,"dallas|empire|kansas_city|philly|richmond",-1.0
2015-11-01,-0.545923,-0.636502,5,"dallas|empire|kansas_city|philly|richmond",-1.0
2015-12-01,-0.577264,-0.673043,5,"dallas|empire|kansas_city|philly|richmond",-1.0
2016-01-01,-1.151091,-1.342079,5,"dallas|empire|kansas_city|philly|richmond",-1.0
2016-02-01,-1.056972,-1.232343,5,"dallas|empire|kansas_city|philly|richmond",-1.0
2016-03-01,-0.117713,-0.137244,5,"dallas|empire|kansas_city|philly|richmond",+1.0
2016-04-01,0.000410,0.000478,5,"dallas|empire|kansas_city|philly|richmond",+1.0
2016-05-01,-0.484432,-0.564808,5,"dallas|empire|kansas_city|philly|richmond",-1.0
2016-06-01,-0.437259,-0.509809,5,"dallas|empire|kansas_city|philly|richmond",-1.0
2016-07-01,-0.091639,-0.106844,5,"dallas|empire|kansas_city|philly|richmond",+1.0
2016-08-01,-0.339526,-0.395860,5,"dallas|empire|kansas_city|philly|richmond",-1.0
2016-09-01,-0.261702,-0.305124,5,"dallas|empire|kansas_city|philly|richmond",-1.0
2016-10-01,0.018410,0.021465,5,"dallas|empire|kansas_city|philly|richmond",+1.0
2016-11-01,0.297343,0.346677,5,"dallas|empire|kansas_city|philly|richmond",+1.0
2016-12-01,0.530588,0.618623,5,"dallas|empire|kansas_city|philly|richmond",+1.0
2017-01-01,0.884825,1.031634,5,"dallas|empire|kansas_city|philly|richmond",+1.0
2017-02-01,1.281029,1.493575,5,"dallas|empire|kansas_city|philly|richmond",+1.0
2017-03-01,1.280561,1.493030,5,"dallas|empire|kansas_city|philly|richmond",+1.0
2017-04-01,0.871200,1.015748,5,"dallas|empire|kansas_city|philly|richmond",+1.0
2017-05-01,0.483150,0.563313,5,"dallas|empire|kansas_city|philly|richmond",+1.0
2017-06-01,0.879540,1.025473,5,"dallas|empire|kansas_city|philly|richmond",+1.0
2017-07-01,0.776942,0.905851,5,"dallas|empire|kansas_city|philly|richmond",+1.0
2017-08-01,1.335029,1.556535,5,"dallas|empire|kansas_city|philly|richmond",+1.0
2017-09-01,1.129618,1.317043,5,"dallas|empire|kansas_city|philly|richmond",+1.0
2017-10-01,1.234297,1.439090,5,"dallas|empire|kansas_city|philly|richmond",+1.0
2017-11-01,1.553597,1.811368,5,"dallas|empire|kansas_city|philly|richmond",+1.0
2017-12-01,1.416395,1.651401,5,"dallas|empire|kansas_city|philly|richmond",+1.0
2018-01-01,1.002801,1.169184,5,"dallas|empire|kansas_city|philly|richmond",+1.0
2018-02-01,1.317336,1.535907,5,"dallas|empire|kansas_city|philly|richmond",+1.0
2018-03-01,0.786509,0.917006,5,"dallas|empire|kansas_city|philly|richmond",+1.0
2018-04-01,0.984932,1.148351,5,"dallas|empire|kansas_city|philly|richmond",+1.0
2018-05-01,1.804861,2.104322,5,"dallas|empire|kansas_city|philly|richmond",+1.0
2018-06-01,1.556451,1.814695,5,"dallas|empire|kansas_city|philly|richmond",+1.0
2018-07-01,1.414790,1.649530,5,"dallas|empire|kansas_city|philly|richmond",+1.0
2018-08-01,1.105488,1.288910,5,"dallas|empire|kansas_city|philly|richmond",+1.0
2018-09-01,1.072948,1.250970,5,"dallas|empire|kansas_city|philly|richmond",+1.0
2018-10-01,0.872222,1.016940,5,"dallas|empire|kansas_city|philly|richmond",+1.0
2018-11-01,0.815992,0.951380,5,"dallas|empire|kansas_city|philly|richmond",+1.0
2018-12-01,0.480504,0.560229,5,"dallas|empire|kansas_city|philly|richmond",+1.0
2019-01-01,0.088706,0.103424,5,"dallas|empire|kansas_city|philly|richmond",+1.0
2019-02-01,0.140884,0.164259,5,"dallas|empire|kansas_city|philly|richmond",+1.0
2019-03-01,0.080174,0.093477,5,"dallas|empire|kansas_city|philly|richmond",+1.0
2019-04-01,0.325815,0.379874,5,"dallas|empire|kansas_city|philly|richmond",+1.0
2019-05-01,0.279316,0.325660,5,"dallas|empire|kansas_city|philly|richmond",+1.0
2019-06-01,-0.148325,-0.172935,5,"dallas|empire|kansas_city|philly|richmond",+1.0
2019-07-01,-0.125092,-0.145848,5,"dallas|empire|kansas_city|philly|richmond",+1.0
2019-08-01,-0.046189,-0.053852,5,"dallas|empire|kansas_city|philly|richmond",+1.0
2019-09-01,-0.118616,-0.138297,5,"dallas|empire|kansas_city|philly|richmond",+1.0
2019-10-01,-0.189637,-0.221101,5,"dallas|empire|kansas_city|philly|richmond",+1.0
2019-11-01,-0.290651,-0.338876,5,"dallas|empire|kansas_city|philly|richmond",-1.0
2019-12-01,-0.382237,-0.445658,5,"dallas|empire|kansas_city|philly|richmond",-1.0
2020-01-01,0.492522,0.574241,5,"dallas|empire|kansas_city|philly|richmond",+1.0
2020-02-01,0.689480,0.803877,5,"dallas|empire|kansas_city|philly|richmond",+1.0
2020-03-01,-1.758110,-2.049813,5,"dallas|empire|kansas_city|philly|richmond",-1.0
2020-04-01,-5.042139,-5.878725,5,"dallas|empire|kansas_city|philly|richmond",-1.0
2020-05-01,-2.551574,-2.974927,5,"dallas|empire|kansas_city|philly|richmond",-1.0
2020-06-01,0.359879,0.419590,5,"dallas|empire|kansas_city|philly|richmond",+1.0
2020-07-01,0.643039,0.749732,5,"dallas|empire|kansas_city|philly|richmond",+1.0
2020-08-01,0.862393,1.005480,5,"dallas|empire|kansas_city|philly|richmond",+1.0
2020-09-01,1.154133,1.345625,5,"dallas|empire|kansas_city|philly|richmond",+1.0
2020-10-01,1.386641,1.616710,5,"dallas|empire|kansas_city|philly|richmond",+1.0
2020-11-01,1.007078,1.174171,5,"dallas|empire|kansas_city|philly|richmond",+1.0
2020-12-01,0.824146,0.960887,5,"dallas|empire|kansas_city|philly|richmond",+1.0
2021-01-01,1.048787,1.222800,5,"dallas|empire|kansas_city|philly|richmond",+1.0
2021-02-01,0.964600,1.124645,5,"dallas|empire|kansas_city|philly|richmond",+1.0
2021-03-01,1.595490,1.860212,5,"dallas|empire|kansas_city|philly|richmond",+1.0
2021-04-01,1.842593,2.148314,5,"dallas|empire|kansas_city|philly|richmond",+1.0
2021-05-01,1.861055,2.169839,5,"dallas|empire|kansas_city|philly|richmond",+1.0
2021-06-01,1.774162,2.068529,5,"dallas|empire|kansas_city|philly|richmond",+1.0
2021-07-01,1.693254,1.974197,5,"dallas|empire|kansas_city|philly|richmond",+1.0
2021-08-01,1.150382,1.341252,5,"dallas|empire|kansas_city|philly|richmond",+1.0
2021-09-01,0.372618,0.434442,5,"dallas|empire|kansas_city|philly|richmond",+1.0
2021-10-01,1.230546,1.434717,5,"dallas|empire|kansas_city|philly|richmond",+1.0
2021-11-01,1.204038,1.403811,5,"dallas|empire|kansas_city|philly|richmond",+1.0
2021-12-01,1.275335,1.486936,5,"dallas|empire|kansas_city|philly|richmond",+1.0
2022-01-01,0.632521,0.737468,5,"dallas|empire|kansas_city|philly|richmond",+1.0
2022-02-01,0.493652,0.575558,5,"dallas|empire|kansas_city|philly|richmond",+1.0
2022-03-01,0.756181,0.881646,5,"dallas|empire|kansas_city|philly|richmond",+1.0
2022-04-01,0.610628,0.711943,5,"dallas|empire|kansas_city|philly|richmond",+1.0
2022-05-01,-0.169051,-0.197100,5,"dallas|empire|kansas_city|philly|richmond",+1.0
2022-06-01,-0.794049,-0.925797,5,"dallas|empire|kansas_city|philly|richmond",-1.0
2022-07-01,-0.705447,-0.822494,5,"dallas|empire|kansas_city|philly|richmond",-1.0
2022-08-01,-1.249512,-1.456830,5,"dallas|empire|kansas_city|philly|richmond",-1.0
2022-09-01,-0.796024,-0.928100,5,"dallas|empire|kansas_city|philly|richmond",-1.0
2022-10-01,-1.180024,-1.375813,5,"dallas|empire|kansas_city|philly|richmond",-1.0
2022-11-01,-1.301519,-1.517465,5,"dallas|empire|kansas_city|philly|richmond",-1.0
2022-12-01,-1.063205,-1.239611,5,"dallas|empire|kansas_city|philly|richmond",-1.0
2023-01-01,-1.227181,-1.430793,5,"dallas|empire|kansas_city|philly|richmond",-1.0
2023-02-01,-1.343149,-1.566003,5,"dallas|empire|kansas_city|philly|richmond",-1.0
2023-03-01,-1.327127,-1.547323,5,"dallas|empire|kansas_city|philly|richmond",-1.0
2023-04-01,-0.961260,-1.120751,5,"dallas|empire|kansas_city|philly|richmond",-1.0
2023-05-01,-1.459283,-1.701405,5,"dallas|empire|kansas_city|philly|richmond",-1.0
2023-06-01,-1.050530,-1.224833,5,"dallas|empire|kansas_city|philly|richmond",-1.0
2023-07-01,-1.275857,-1.487545,5,"dallas|empire|kansas_city|philly|richmond",-1.0
2023-08-01,-0.610414,-0.711693,5,"dallas|empire|kansas_city|philly|richmond",-1.0
2023-09-01,-0.714564,-0.833123,5,"dallas|empire|kansas_city|philly|richmond",-1.0
2023-10-01,-0.985938,-1.149524,5,"dallas|empire|kansas_city|philly|richmond",-1.0
2023-11-01,-0.968332,-1.128997,5,"dallas|empire|kansas_city|philly|richmond",-1.0
2023-12-01,-1.365051,-1.591538,5,"dallas|empire|kansas_city|philly|richmond",-1.0
2024-01-01,-1.670013,-1.947099,5,"dallas|empire|kansas_city|philly|richmond",-1.0
2024-02-01,-0.720924,-0.840538,5,"dallas|empire|kansas_city|philly|richmond",-1.0
2024-03-01,-0.872356,-1.017097,5,"dallas|empire|kansas_city|philly|richmond",-1.0
2024-04-01,-0.459692,-0.535963,5,"dallas|empire|kansas_city|philly|richmond",-1.0
2024-05-01,-0.798002,-0.930405,5,"dallas|empire|kansas_city|philly|richmond",-1.0
2024-06-01,-0.729330,-0.850339,5,"dallas|empire|kansas_city|philly|richmond",-1.0
2024-07-01,-0.872129,-1.016831,5,"dallas|empire|kansas_city|philly|richmond",-1.0
2024-08-01,-0.669662,-0.780771,5,"dallas|empire|kansas_city|philly|richmond",-1.0
2024-09-01,-0.832931,-0.971129,5,"dallas|empire|kansas_city|philly|richmond",-1.0
2024-10-01,-0.835119,-0.973681,5,"dallas|empire|kansas_city|philly|richmond",-1.0
2024-11-01,-0.389011,-0.453555,5,"dallas|empire|kansas_city|philly|richmond",-1.0
2024-12-01,-0.649762,-0.757570,5,"dallas|empire|kansas_city|philly|richmond",-1.0
2025-01-01,-0.019456,-0.022684,5,"dallas|empire|kansas_city|philly|richmond",+1.0
2025-02-01,-0.062396,-0.072749,5,"dallas|empire|kansas_city|philly|richmond",+1.0
2025-03-01,-0.557992,-0.650573,5,"dallas|empire|kansas_city|philly|richmond",-1.0
2025-04-01,-1.353453,-1.578016,5,"dallas|empire|kansas_city|philly|richmond",-1.0
2025-05-01,-0.632476,-0.737415,5,"dallas|empire|kansas_city|philly|richmond",-1.0
2025-06-01,-0.815217,-0.950476,5,"dallas|empire|kansas_city|philly|richmond",-1.0
2025-07-01,-0.423319,-0.493555,5,"dallas|empire|kansas_city|philly|richmond",-1.0
2025-08-01,0.035832,0.041777,5,"dallas|empire|kansas_city|philly|richmond",+1.0
2025-09-01,-0.619878,-0.722727,5,"dallas|empire|kansas_city|philly|richmond",-1.0
2025-10-01,-0.068784,-0.080196,5,"dallas|empire|kansas_city|philly|richmond",+1.0
2025-11-01,-0.446819,-0.520954,5,"dallas|empire|kansas_city|philly|richmond",-1.0
2025-12-01,-0.526645,-0.614025,5,"dallas|empire|kansas_city|philly|richmond",-1.0
2026-01-01,-0.073278,-0.085437,5,"dallas|empire|kansas_city|philly|richmond",+1.0
2026-02-01,0.170737,0.199066,5,"dallas|empire|kansas_city|philly|richmond",+1.0
2026-03-01,0.353371,0.412002,5,"dallas|empire|kansas_city|philly|richmond",+1.0
2026-04-01,1.002040,1.168297,5,"dallas|empire|kansas_city|philly|richmond",+1.0
2026-05-01,0.545955,0.636539,5,"dallas|empire|kansas_city|philly|richmond",+1.0
2026-06-01,0.548335,0.639314,5,"dallas|empire|kansas_city|philly|richmond",+1.0
2026-07-01,1.012702,1.180728,4,"dallas|empire|kansas_city|philly",+1.0
